,Countries,Normed_loss,Differential_loss
0,Afghanistan,3.270588591069716,0.24124919169146475
1,Indien,1.9993240908351888,3.1981677317900377
2,Irak,2.522389492506649,3.482345271631562
3,Kolumbien,2.5389627592323794,3.789088043291585
4,Pakistan,2.8988595408059084,2.6917434046856603
5,Philippinen,0.8816574806430171,1.2960772640509817
6,sandbox_attacks,3.1862486821996217,4.534911238884883
7,test_exp_chirp,0.5723638009015709,0.43289189081107526
