,Countries,Normed_loss,Differential_loss
0,Afghanistan,1.974839369940409,1.2939046621322632
1,Indien,0.10191510811707645,0.48537203669548035
2,Irak,1.3876580941956762,0.6253882646560669
3,Kolumbien,0.9904761439471805,0.42052626609802246
4,Pakistan,2.2204130563920366,1.0016379356384277
5,Philippinen,0.1578485675909349,0.8599185347557068
6,sandbox_attacks,4.268150598617371,14.821651458740234
7,test_exp_chirp,3.053173944335053,4.857045743887701
