,Countries,Normed_loss,Differential_loss
0,Afghanistan,2.1155452211765304,1.8330130577087402
1,Indien,0.6029822976583673,3.074646234512329
2,Irak,1.477376952908787,1.7772548198699951
3,Kolumbien,1.0543974564682719,1.6038918495178223
4,Pakistan,2.23195340979594,2.3099395036697388
5,Philippinen,0.2686300595078391,1.3774302005767822
6,sandbox_attacks,12.789719486420394,19.956018447875977
7,test_exp_chirp,0.34222323722641407,0.10947832865027385
