,Countries,Normed_loss,Differential_loss
0,Afghanistan,1.9734661051659412,1.5539843440055847
1,Indien,0.20845708699593773,1.0627920627593994
2,Irak,1.391660284858197,0.33424198627471924
3,Kolumbien,0.9904207677929986,0.5485540926456451
4,Pakistan,2.1988436189474174,0.8820767402648926
5,Philippinen,0.05038688023271013,0.2137838751077652
6,sandbox_attacks,4.496757873435118,17.461275100708008
7,test_exp_chirp,2.9036640795793796,5.851189468329229
