,Countries,Normed_loss,Differential_loss
0,Afghanistan,10.85329333082313,1.3393939393939402
1,Indien,0.7090909090909101,0.7090909090909093
2,Irak,7.725998706619826,1.9212121212121205
3,Kolumbien,5.45639699214639,0.8787878787878788
4,Pakistan,12.033636665056125,1.9515151515151519
5,Philippinen,0.6666666666666692,0.6666666666666669
6,sandbox_attacks,40.089845836699176,36.37575757575758
7,test_exp_chirp,12.085150355435951,1.9345072082915655
